PREDSTAVA,GLUMAC
PET ŽIVOTA PRETUŽNOG MILUTINA,DEJAN DEDIĆ
PET ŽIVOTA PRETUŽNOG MILUTINA,UROŠ JAKOVLJEVIĆ
PET ŽIVOTA PRETUŽNOG MILUTINA,IVAN MIHAILOVIĆ
NOĆNA STRAŽA,NENAD ĆIRIĆ
NOĆNA STRAŽA,JELENA PETROVIĆ
NOĆNA STRAŽA,UROŠ JAKOVLJEVIĆ
NOĆNA STRAŽA,NEBOJŠA ILIĆ
NOĆNA STRAŽA,GORICA POPOVIĆ
NOĆNA STRAŽA,JELENA ĐOKIĆ
NOĆNA STRAŽA,BOJAN ŽIROVIĆ
URNEBESNA TRAGEDIJA,KATARINA ŽUTIĆ
URNEBESNA TRAGEDIJA,NEBOJŠA ILIĆ
URNEBESNA TRAGEDIJA,BRANIMIR BRSTINA
MOJA TI,GORICA POPOVIĆ
MOJA TI,IVAN MIHAILOVIĆ
DECA RADOSTI,GORICA POPOVIĆ
DECA RADOSTI,NENAD ĆIRIĆ
DECA RADOSTI,MILICA MIHAJLOVIĆ
DECA RADOSTI,BOJAN ŽIROVIĆ
DECA RADOSTI,ISIDORA MINIĆ
DECA RADOSTI,KATARINA ŽUTIĆ
JESENJA SONATA,BRANKA ŠELIĆ
JESENJA SONATA,JELENA PETROVIĆ
MREŠĆENJE ŠARANA,SVETOZAR CVETKOVIĆ
MREŠĆENJE ŠARANA,TIHOMIR STANIĆ
PIJANI,NEBOJŠA ILIĆ
PIJANI,JELENA ĐOKIĆ
PIJANI,ISIDORA MINIĆ
PIJANI,BOJAN ŽIROVIĆ
PIJANI,SVETOZAR CVETKOVIĆ
PIJANI,DARA DŽOKIĆ
PIJANI,NENAD ĆIRIĆ
PIJANI,BRANKA ŠELIĆ
PIJANI,DEJAN DEDIĆ
PIJANI,JELENA PETROVIĆ
MAKBET,UROŠ JAKOVLJEVIĆ
MAKBET,BRANIMIR BRSTINA
MAKBET,DEJAN DEDIĆ
MAKBET,IVAN MIHAILOVIĆ
KAFA I CIGARETE,MILICA MIHAJLOVIĆ
KAFA I CIGARETE,NEBOJŠA ILIĆ
KAFA I CIGARETE,TIHOMIR STANIĆ
KAFA I CIGARETE,DARA DŽOKIĆ
KAFA I CIGARETE,SVETOZAR CVETKOVIĆ
KAZIMIR I KAROLINA,JELENA ĐOKIĆ
KAZIMIR I KAROLINA,BOJAN ŽIROVIĆ
KAZIMIR I KAROLINA,KATARINA ŽUTIĆ
KAZIMIR I KAROLINA,TIHOMIR STANIĆ
KAZIMIR I KAROLINA,NENAD ĆIRIĆ
AVGUST U OKRUGU OSEJDŽ,DARA DŽOKIĆ
AVGUST U OKRUGU OSEJDŽ,BRANIMIR BRSTINA
AVGUST U OKRUGU OSEJDŽ,JELENA PETROVIĆ
AVGUST U OKRUGU OSEJDŽ,JELENA ĐOKIĆ
AVGUST U OKRUGU OSEJDŽ,MILICA MIHAJLOVIĆ
AVGUST U OKRUGU OSEJDŽ,BRANKA ŠELIĆ
AVGUST U OKRUGU OSEJDŽ,DEJAN DEDIĆ
AVGUST U OKRUGU OSEJDŽ,ISIDORA MINIĆ
AVGUST U OKRUGU OSEJDŽ,BOJAN ŽIROVIĆ
AVGUST U OKRUGU OSEJDŽ,NENAD ĆIRIĆ
